{
    "rmse": 0.6928909377559744,
    "mae": 0.538006605477417,
    "r2_score": 0.2606770331097539
}